month_date,month,room_type,listing_count,host_count,active_listing_count,avg_daily_rate_mean,avg_daily_rate_median,occupancy_mean,revenue_mean,revenue_median,revpar_mean,star_rating_mean,superhost_share,latitude_mean,longitude_mean
2021-03-01,2021-03,entire_home,314,285,199,196.5484076433121,157.45,0.5623503184713375,3291.191082802548,2689.5,106.16745428395315,4.729350180505415,0.3154121863799283,40.72178932133758,-73.9526307194586
2021-03-01,2021-03,hotel_room,5,5,1,319.71999999999997,178.0,0.21939999999999998,5752.0,0.0,185.5483870967742,4.7,0.25,40.739730800000004,-73.9828358
2021-03-01,2021-03,private_room,244,220,143,85.7827868852459,65.3,0.5354262295081967,1459.155737704918,1147.5,47.069539925965096,4.662030456852792,0.22624434389140272,40.73195086823771,-73.93867442245902
2021-03-01,2021-03,shared_room,10,9,6,55.45,37.65,0.5645,929.5,905.0,29.98387096774194,4.6987499999999995,0.375,40.722976,-73.917182
2021-04-01,2021-04,entire_home,314,285,207,200.22420382165606,160.0,0.5823694267515924,3377.608280254777,2846.0,112.58694267515925,4.729350180505415,0.3154121863799283,40.72178932133758,-73.9526307194586
2021-04-01,2021-04,hotel_room,5,5,2,328.58000000000004,177.1,0.2666,5903.6,0.0,196.7866666666667,4.7,0.25,40.739730800000004,-73.9828358
2021-04-01,2021-04,private_room,244,220,156,87.03852459016395,64.7,0.5449590163934426,1424.1639344262296,1193.5,47.47213114754098,4.662030456852792,0.22624434389140272,40.73195086823771,-73.93867442245902
2021-04-01,2021-04,shared_room,10,9,6,55.33,35.4,0.55,910.7,792.5,30.356666666666666,4.6987499999999995,0.375,40.722976,-73.917182
2021-05-01,2021-05,entire_home,314,285,223,204.49267515923566,163.25,0.578375796178344,3553.6019108280257,2986.0,114.63231970412986,4.729350180505415,0.3154121863799283,40.72178932133758,-73.9526307194586
2021-05-01,2021-05,hotel_room,5,5,2,326.03999999999996,176.4,0.3742,6432.4,0.0,207.4967741935484,4.7,0.25,40.739730800000004,-73.9828358
2021-05-01,2021-05,private_room,244,220,164,92.97500000000001,67.75,0.5400491803278689,1532.545081967213,1257.0,49.43693812797462,4.662030456852792,0.22624434389140272,40.73195086823771,-73.93867442245902
2021-05-01,2021-05,shared_room,10,9,6,56.02,36.099999999999994,0.5065,995.6,487.5,32.11612903225806,4.6987499999999995,0.375,40.722976,-73.917182
2021-06-01,2021-06,entire_home,314,285,230,213.12898089171975,168.85,0.5974649681528663,3720.496815286624,3438.0,124.01656050955413,4.729350180505415,0.3154121863799283,40.72178932133758,-73.9526307194586
2021-06-01,2021-06,hotel_room,5,5,3,321.04,181.6,0.5334,7146.0,2451.0,238.2,4.7,0.25,40.739730800000004,-73.9828358
2021-06-01,2021-06,private_room,244,220,168,93.96598360655739,66.65,0.5796557377049181,1647.75,1399.5,54.925,4.662030456852792,0.22624434389140272,40.73195086823771,-73.93867442245902
2021-06-01,2021-06,shared_room,10,9,6,55.83,36.900000000000006,0.5433,881.7,815.0,29.389999999999997,4.6987499999999995,0.375,40.722976,-73.917182
2021-07-01,2021-07,entire_home,314,285,240,215.56337579617832,171.0,0.6250191082802548,4097.248407643312,3747.0,132.1693034723649,4.729350180505415,0.3154121863799283,40.72178932133758,-73.9526307194586
2021-07-01,2021-07,hotel_room,5,5,3,306.0,173.8,0.6,7574.0,3606.0,244.3225806451613,4.7,0.25,40.739730800000004,-73.9828358
2021-07-01,2021-07,private_room,244,220,176,94.17663934426228,67.55,0.5979754098360656,1798.877049180328,1589.0,58.02829190904283,4.662030456852792,0.22624434389140272,40.73195086823771,-73.93867442245902
2021-07-01,2021-07,shared_room,10,9,6,55.69,38.0,0.5903,1076.5,902.0,34.725806451612904,4.6987499999999995,0.375,40.722976,-73.917182
2021-08-01,2021-08,entire_home,314,285,245,220.81496815286621,170.0,0.6121815286624204,4091.248407643312,3571.0,131.97575508526813,4.729350180505415,0.3154121863799283,40.72178932133758,-73.9526307194586
2021-08-01,2021-08,hotel_room,5,5,3,308.74,165.7,0.5548,7510.6,2794.0,242.27741935483874,4.7,0.25,40.739730800000004,-73.9828358
2021-08-01,2021-08,private_room,244,220,184,94.91352459016395,69.44999999999999,0.6175245901639344,1889.5245901639344,1583.5,60.95240613432046,4.662030456852792,0.22624434389140272,40.73195086823771,-73.93867442245902
2021-08-01,2021-08,shared_room,10,9,7,56.1,38.45,0.6096,1112.5,746.0,35.88709677419355,4.6987499999999995,0.375,40.722976,-73.917182
2021-09-01,2021-09,entire_home,314,285,250,217.97866242038216,169.0,0.6098694267515924,3923.423566878981,3546.0,130.7807855626327,4.729350180505415,0.3154121863799283,40.72178932133758,-73.9526307194586
2021-09-01,2021-09,hotel_room,5,5,4,301.88,170.1,0.4466,6198.8,2353.0,206.6266666666667,4.7,0.25,40.739730800000004,-73.9828358
2021-09-01,2021-09,private_room,244,220,192,98.07786885245902,68.8,0.6291024590163935,1947.561475409836,1598.5,64.91871584699453,4.662030456852792,0.22624434389140272,40.73195086823771,-73.93867442245902
2021-09-01,2021-09,shared_room,10,9,7,55.220000000000006,36.7,0.5501,908.0,938.5,30.26666666666667,4.6987499999999995,0.375,40.722976,-73.917182
2021-10-01,2021-10,entire_home,314,285,257,220.8328025477707,172.3,0.565859872611465,3864.503184713376,3226.5,124.6613930552702,4.729350180505415,0.3154121863799283,40.72178932133758,-73.9526307194586
2021-10-01,2021-10,hotel_room,5,5,4,316.02,190.0,0.2968,1746.0,0.0,56.322580645161295,4.7,0.25,40.739730800000004,-73.9828358
2021-10-01,2021-10,private_room,244,220,195,100.5905737704918,68.95,0.6074836065573771,1913.0696721311476,1599.5,61.71192490745637,4.662030456852792,0.22624434389140272,40.73195086823771,-73.93867442245902
2021-10-01,2021-10,shared_room,10,9,7,55.54,35.45,0.5161,966.8,727.5,31.18709677419355,4.6987499999999995,0.375,40.722976,-73.917182
2021-11-01,2021-11,entire_home,314,285,259,221.0343949044586,170.25,0.563375796178344,3538.6560509554142,2922.5,117.9552016985138,4.729350180505415,0.3154121863799283,40.72178932133758,-73.9526307194586
2021-11-01,2021-11,hotel_room,5,5,4,313.41999999999996,198.0,0.3866,2232.8,1871.0,74.42666666666666,4.7,0.25,40.739730800000004,-73.9828358
2021-11-01,2021-11,private_room,244,220,199,98.54344262295082,69.1,0.581577868852459,1637.6803278688524,1433.5,54.58934426229508,4.662030456852792,0.22624434389140272,40.73195086823771,-73.93867442245902
2021-11-01,2021-11,shared_room,10,9,7,55.23,35.05,0.41669999999999996,825.1,194.0,27.50333333333333,4.6987499999999995,0.375,40.722976,-73.917182
2021-12-01,2021-12,entire_home,314,285,262,236.30541401273882,176.8,0.5369649681528662,3986.643312101911,2997.5,128.60139716457775,4.729350180505415,0.3154121863799283,40.72178932133758,-73.9526307194586
2021-12-01,2021-12,hotel_room,5,5,4,331.28000000000003,208.1,0.632,6937.8,3761.0,223.8,4.7,0.25,40.739730800000004,-73.9828358
2021-12-01,2021-12,private_room,244,220,200,101.04959016393443,69.95,0.5158483606557377,1605.1352459016393,1307.5,51.77855631940772,4.662030456852792,0.22624434389140272,40.73195086823771,-73.93867442245902
2021-12-01,2021-12,shared_room,10,9,7,60.14,39.55,0.44830000000000003,1058.8,350.0,34.15483870967742,4.6987499999999995,0.375,40.722976,-73.917182
2022-01-01,2022-01,entire_home,314,285,267,218.46401273885348,163.85000000000002,0.4037484076433121,2789.496815286624,1011.5,89.9837682350524,4.729350180505415,0.3154121863799283,40.72178932133758,-73.9526307194586
2022-01-01,2022-01,hotel_room,5,5,4,300.5,117.5,0.34199999999999997,1196.0,0.0,38.58064516129032,4.7,0.25,40.739730800000004,-73.9828358
2022-01-01,2022-01,private_room,244,220,207,90.16967213114755,67.75,0.3821844262295082,1010.4631147540983,549.0,32.5955843469064,4.662030456852792,0.22624434389140272,40.73195086823771,-73.93867442245902
2022-01-01,2022-01,shared_room,10,9,7,57.92,42.099999999999994,0.2581,545.9,190.5,17.60967741935484,4.6987499999999995,0.375,40.722976,-73.917182
2022-02-01,2022-02,entire_home,314,285,276,215.84426751592358,161.05,0.40661146496815287,2440.707006369427,1240.5,87.16810737033667,4.729350180505415,0.3154121863799283,40.72178932133758,-73.9526307194586
2022-02-01,2022-02,hotel_room,5,5,5,308.38,131.8,0.4,1752.8,1994.0,62.6,4.7,0.25,40.739730800000004,-73.9828358
2022-02-01,2022-02,private_room,244,220,213,89.875,66.19999999999999,0.406733606557377,952.2704918032787,629.0,34.00966042154567,4.662030456852792,0.22624434389140272,40.73195086823771,-73.93867442245902
2022-02-01,2022-02,shared_room,10,9,7,53.9,39.5,0.4572,769.9,406.5,27.496428571428567,4.6987499999999995,0.375,40.722976,-73.917182
2022-03-01,2022-03,entire_home,314,285,279,218.38407643312104,169.9,0.49199044585987267,3428.1783439490446,2562.0,110.58639819190468,4.729350180505415,0.3154121863799283,40.72178932133758,-73.9526307194586
2022-03-01,2022-03,hotel_room,5,5,5,319.14,165.8,0.4452,2732.2,3790.0,88.13548387096773,4.7,0.25,40.739730800000004,-73.9828358
2022-03-01,2022-03,private_room,244,220,217,95.22336065573771,67.6,0.485577868852459,1380.02868852459,1176.0,44.51705446853517,4.662030456852792,0.22624434389140272,40.73195086823771,-73.93867442245902
2022-03-01,2022-03,shared_room,10,9,7,53.29,36.65,0.43550000000000005,797.5,292.5,25.725806451612904,4.6987499999999995,0.375,40.722976,-73.917182
2022-04-01,2022-04,entire_home,314,285,282,230.09299363057323,175.95,0.5767675159235669,4200.15923566879,3311.0,140.0053078556263,4.729350180505415,0.3154121863799283,40.72178932133758,-73.9526307194586
2022-04-01,2022-04,hotel_room,5,5,5,338.52,227.9,0.6266,4183.8,3991.0,139.45999999999998,4.7,0.25,40.739730800000004,-73.9828358
2022-04-01,2022-04,private_room,244,220,216,99.51024590163935,69.19999999999999,0.5579385245901639,1625.6516393442623,1459.5,54.18838797814208,4.662030456852792,0.22624434389140272,40.73195086823771,-73.93867442245902
2022-04-01,2022-04,shared_room,10,9,7,54.42,37.15,0.51,768.5,688.5,25.616666666666664,4.6987499999999995,0.375,40.722976,-73.917182
2022-05-01,2022-05,entire_home,273,246,242,256.06410256410254,190.6,0.5581941391941392,4662.2307692307695,3452.0,150.39454094292805,4.738844621513945,0.315018315018315,40.72149580919414,-73.95154892553113
2022-05-01,2022-05,hotel_room,4,4,4,413.375,273.25,0.6935,11487.25,7487.0,370.55645161290323,4.7,0.25,40.748163500000004,-73.97429475
2022-05-01,2022-05,private_room,209,189,183,112.34354066985645,75.1,0.5063923444976076,1704.8803827751196,1492.0,54.99614137984257,4.659943181818182,0.22966507177033493,40.733132030095696,-73.93778780650717
2022-05-01,2022-05,shared_room,7,6,4,62.84285714285715,43.8,0.38242857142857145,831.5714285714286,0.0,26.82488479262673,4.682,0.42857142857142855,40.70751428571429,-73.89014714285715
2022-06-01,2022-06,entire_home,441,400,391,250.34648526077098,196.6,0.6799682539682539,5062.34693877551,4485.0,168.74489795918367,4.730558510638298,0.28798185941043086,40.726713522199546,-73.94441141517007
2022-06-01,2022-06,hotel_room,4,4,4,402.5,253.1,0.7665,11216.75,7145.0,373.89166666666665,4.7,0.25,40.748163500000004,-73.97429475
2022-06-01,2022-06,private_room,304,273,270,123.01809210526316,80.55000000000001,0.6098651315789474,2210.7697368421054,1848.0,73.69232456140351,4.666040816326531,0.24013157894736842,40.730889159440785,-73.93669335049341
2022-06-01,2022-06,shared_room,7,6,4,65.0,45.1,0.37614285714285717,770.0,0.0,25.66666666666666,4.682,0.42857142857142855,40.70751428571429,-73.89014714285715
2022-07-01,2022-07,entire_home,441,400,400,255.2278911564626,198.8,0.6485941043083899,4955.133786848072,4599.0,159.8430253821959,4.730558510638298,0.28798185941043086,40.726713522199546,-73.94441141517007
2022-07-01,2022-07,hotel_room,4,4,4,394.9,237.60000000000002,0.52425,7008.5,4161.5,226.0806451612903,4.7,0.25,40.748163500000004,-73.97429475
2022-07-01,2022-07,private_room,304,273,272,121.28289473684211,86.6,0.560891447368421,2077.6875,1697.5,67.02217741935483,4.666040816326531,0.24013157894736842,40.730889159440785,-73.93669335049341
2022-07-01,2022-07,shared_room,7,6,5,67.98571428571428,50.2,0.4238571428571429,955.0,660.0,30.806451612903228,4.682,0.42857142857142855,40.70751428571429,-73.89014714285715
2022-08-01,2022-08,entire_home,441,400,403,242.05192743764172,192.3,0.6256848072562359,4516.433106575963,3979.0,145.69139053470852,4.730558510638298,0.28798185941043086,40.726713522199546,-73.94441141517007
2022-08-01,2022-08,hotel_room,4,4,4,371.175,191.25,0.2985,1680.5,520.5,54.20967741935484,4.7,0.25,40.748163500000004,-73.97429475
2022-08-01,2022-08,private_room,304,273,274,114.73717105263158,83.3,0.538828947368421,1860.029605263158,1545.5,60.00095500848896,4.666040816326531,0.24013157894736842,40.730889159440785,-73.93669335049341
2022-08-01,2022-08,shared_room,7,6,6,62.6,42.6,0.39171428571428574,810.0,578.0,26.129032258064516,4.682,0.42857142857142855,40.70751428571429,-73.89014714285715
2022-09-01,2022-09,entire_home,441,400,399,249.33378684807255,198.1,0.6374126984126984,4703.907029478458,4137.0,156.79690098261528,4.730558510638298,0.28798185941043086,40.726713522199546,-73.94441141517007
2022-09-01,2022-09,hotel_room,4,4,4,438.675,325.1,0.33325,3410.75,1552.0,113.69166666666668,4.7,0.25,40.748163500000004,-73.97429475
2022-09-01,2022-09,private_room,304,273,273,129.78519736842105,84.55,0.5617302631578948,2091.9276315789475,1748.0,69.73092105263159,4.666040816326531,0.24013157894736842,40.730889159440785,-73.93669335049341
2022-09-01,2022-09,shared_room,7,6,6,66.17142857142858,54.4,0.4905714285714286,898.2857142857143,1057.0,29.942857142857143,4.682,0.42857142857142855,40.70751428571429,-73.89014714285715
2022-10-01,2022-10,entire_home,441,400,397,245.79297052154195,194.7,0.6036621315192743,4489.85260770975,3922.0,144.8339550874113,4.730558510638298,0.28798185941043086,40.726713522199546,-73.94441141517007
2022-10-01,2022-10,hotel_room,4,4,4,418.775,285.1,0.45175,3737.0,2701.5,120.54838709677419,4.7,0.25,40.748163500000004,-73.97429475
2022-10-01,2022-10,private_room,304,273,272,134.36348684210526,84.65,0.5230131578947369,2103.4144736842104,1730.5,67.85207979626485,4.666040816326531,0.24013157894736842,40.730889159440785,-73.93669335049341
2022-10-01,2022-10,shared_room,7,6,5,68.54285714285713,59.9,0.42842857142857144,850.2857142857143,980.0,27.428571428571427,4.682,0.42857142857142855,40.70751428571429,-73.89014714285715
2022-11-01,2022-11,entire_home,441,400,393,245.6392290249433,192.5,0.5185215419501134,3763.3083900226757,2834.0,125.44361300075586,4.730558510638298,0.28798185941043086,40.726713522199546,-73.94441141517007
2022-11-01,2022-11,hotel_room,4,4,4,390.275,227.3,0.4585,2812.0,2291.5,93.73333333333332,4.7,0.25,40.748163500000004,-73.97429475
2022-11-01,2022-11,private_room,304,273,266,132.35098684210524,80.69999999999999,0.44243421052631576,1567.0756578947369,1203.0,52.235855263157895,4.666040816326531,0.24013157894736842,40.730889159440785,-73.93669335049341
2022-11-01,2022-11,shared_room,7,6,5,74.41428571428571,74.7,0.32857142857142857,504.85714285714283,618.0,16.82857142857143,4.682,0.42857142857142855,40.70751428571429,-73.89014714285715
2022-12-01,2022-12,entire_home,441,400,393,250.59115646258502,194.7,0.5126802721088436,4083.7301587301586,2795.0,131.73323092677933,4.730558510638298,0.28798185941043086,40.726713522199546,-73.94441141517007
2022-12-01,2022-12,hotel_room,4,4,4,405.275,257.35,0.47575,3580.0,3007.5,115.48387096774192,4.7,0.25,40.748163500000004,-73.97429475
2022-12-01,2022-12,private_room,304,273,265,132.24407894736842,81.35,0.43992434210526316,1814.4605263157894,1180.0,58.53098471986417,4.666040816326531,0.24013157894736842,40.730889159440785,-73.93669335049341
2022-12-01,2022-12,shared_room,7,6,5,81.25714285714287,88.9,0.23957142857142857,418.85714285714283,0.0,13.51152073732719,4.682,0.42857142857142855,40.70751428571429,-73.89014714285715
2023-01-01,2023-01,entire_home,441,400,392,230.54943310657598,176.2,0.32691156462585036,2085.6530612244896,619.0,67.2791310072416,4.730558510638298,0.28798185941043086,40.726713522199546,-73.94441141517007
2023-01-01,2023-01,hotel_room,4,4,4,364.275,176.25,0.31475,1915.5,1325.0,61.79032258064516,4.7,0.25,40.748163500000004,-73.97429475
2023-01-01,2023-01,private_room,304,273,261,124.29407894736842,79.6,0.28524342105263156,856.4309210526316,160.5,27.6268039049236,4.666040816326531,0.24013157894736842,40.730889159440785,-73.93669335049341
2023-01-01,2023-01,shared_room,7,6,5,82.38571428571429,75.8,0.18885714285714286,238.0,0.0,7.67741935483871,4.682,0.42857142857142855,40.70751428571429,-73.89014714285715
2023-02-01,2023-02,entire_home,441,400,390,228.5689342403628,168.2,0.28117233560090704,1514.2448979591836,0.0,54.080174927113696,4.730558510638298,0.28798185941043086,40.726713522199546,-73.94441141517007
2023-02-01,2023-02,hotel_room,4,4,4,374.875,196.10000000000002,0.1695,1347.0,991.5,48.10714285714286,4.7,0.25,40.748163500000004,-73.97429475
2023-02-01,2023-02,private_room,304,273,261,110.02171052631579,76.45,0.30346052631578946,752.4078947368421,0.0,26.87171052631579,4.666040816326531,0.24013157894736842,40.730889159440785,-73.93669335049341
2023-02-01,2023-02,shared_room,7,6,5,76.84285714285714,61.0,0.2602857142857143,267.0,0.0,9.535714285714286,4.682,0.42857142857142855,40.70751428571429,-73.89014714285715
2023-03-01,2023-03,entire_home,441,400,389,256.19727891156464,183.2,0.3124195011337868,1946.907029478458,0.0,62.80345256382123,4.730558510638298,0.28798185941043086,40.726713522199546,-73.94441141517007
2023-03-01,2023-03,hotel_room,4,4,4,391.525,229.64999999999998,0.12925,1845.75,705.0,59.54032258064517,4.7,0.25,40.748163500000004,-73.97429475
2023-03-01,2023-03,private_room,304,273,259,118.38453947368421,80.4,0.36629934210526316,1160.3717105263158,70.0,37.4313455008489,4.666040816326531,0.24013157894736842,40.730889159440785,-73.93669335049341
2023-03-01,2023-03,shared_room,7,6,5,74.97142857142856,60.2,0.25342857142857145,280.2857142857143,0.0,9.04147465437788,4.682,0.42857142857142855,40.70751428571429,-73.89014714285715
2023-04-01,2023-04,entire_home,441,400,394,263.1938775510204,187.2,0.38270294784580494,2427.668934240363,0.0,80.92229780801209,4.730558510638298,0.28798185941043086,40.726713522199546,-73.94441141517007
2023-04-01,2023-04,hotel_room,4,4,4,427.0,301.55,0.04175,398.25,0.0,13.275,4.7,0.25,40.748163500000004,-73.97429475
2023-04-01,2023-04,private_room,304,273,256,118.09309210526317,80.85,0.39944736842105266,1287.7631578947369,389.5,42.92543859649123,4.666040816326531,0.24013157894736842,40.730889159440785,-73.93669335049341
2023-04-01,2023-04,shared_room,7,6,5,77.51428571428572,64.7,0.32871428571428574,599.7142857142857,387.0,19.990476190476187,4.682,0.42857142857142855,40.70751428571429,-73.89014714285715
2023-05-01,2023-05,entire_home,441,400,393,269.66780045351476,194.3,0.4004761904761905,2751.6848072562357,0.0,88.76402604052375,4.730558510638298,0.28798185941043086,40.726713522199546,-73.94441141517007
2023-05-01,2023-05,hotel_room,4,4,4,435.725,317.95,0.08075,763.75,0.0,24.63709677419355,4.7,0.25,40.748163500000004,-73.97429475
2023-05-01,2023-05,private_room,304,273,255,124.13881578947367,84.69999999999999,0.4212730263157895,1509.328947368421,462.5,48.68803056027165,4.666040816326531,0.24013157894736842,40.730889159440785,-73.93669335049341
2023-05-01,2023-05,shared_room,7,6,5,85.98571428571428,74.1,0.447,1088.0,831.0,35.09677419354839,4.682,0.42857142857142855,40.70751428571429,-73.89014714285715
2023-06-01,2023-06,entire_home,441,400,388,264.70226757369613,195.5,0.3981156462585034,2747.6530612244896,0.0,91.58843537414965,4.730558510638298,0.28798185941043086,40.726713522199546,-73.94441141517007
2023-06-01,2023-06,hotel_room,4,4,4,423.8,294.5,0.075,672.25,0.0,22.408333333333335,4.7,0.25,40.748163500000004,-73.97429475
2023-06-01,2023-06,private_room,304,273,256,123.55394736842106,86.19999999999999,0.42806907894736845,1351.7861842105262,882.5,45.05953947368421,4.666040816326531,0.24013157894736842,40.730889159440785,-73.93669335049341
2023-06-01,2023-06,shared_room,7,6,6,84.01428571428572,66.8,0.4477142857142857,1269.7142857142858,765.0,42.32380952380952,4.682,0.42857142857142855,40.70751428571429,-73.89014714285715
2023-07-01,2023-07,entire_home,441,400,387,263.95714285714286,199.5,0.36303174603174604,2779.2698412698414,0.0,89.65386584741422,4.730558510638298,0.28798185941043086,40.726713522199546,-73.94441141517007
2023-07-01,2023-07,hotel_room,4,4,4,407.325,261.9,0.0,0.0,0.0,0.0,4.7,0.25,40.748163500000004,-73.97429475
2023-07-01,2023-07,private_room,304,273,256,124.83717105263158,88.45,0.44463486842105265,1487.9473684210527,1005.0,47.998302207130735,4.666040816326531,0.24013157894736842,40.730889159440785,-73.93669335049341
2023-07-01,2023-07,shared_room,7,6,6,83.32857142857142,71.0,0.46085714285714285,1526.7142857142858,619.0,49.24884792626728,4.682,0.42857142857142855,40.70751428571429,-73.89014714285715
2023-08-01,2023-08,entire_home,441,400,385,257.24467120181407,193.4,0.35331292517006807,2487.8231292517007,0.0,80.25235900811937,4.730558510638298,0.28798185941043086,40.726713522199546,-73.94441141517007
2023-08-01,2023-08,hotel_room,4,4,4,398.04999999999995,246.25,0.0,0.0,0.0,0.0,4.7,0.25,40.748163500000004,-73.97429475
2023-08-01,2023-08,private_room,304,273,256,123.04177631578946,87.0,0.4144671052631579,1360.9769736842106,63.5,43.90248302207131,4.666040816326531,0.24013157894736842,40.730889159440785,-73.93669335049341
2023-08-01,2023-08,shared_room,7,6,6,83.05714285714285,72.0,0.3687142857142857,1292.2857142857142,390.0,41.68663594470046,4.682,0.42857142857142855,40.70751428571429,-73.89014714285715
2023-09-01,2023-09,entire_home,441,400,382,263.42086167800454,198.2,0.31298412698412703,2323.8117913832198,0.0,77.46039304610733,4.730558510638298,0.28798185941043086,40.726713522199546,-73.94441141517007
2023-09-01,2023-09,hotel_room,4,4,4,430.275,309.5,0.19175,1666.5,0.0,55.55,4.7,0.25,40.748163500000004,-73.97429475
2023-09-01,2023-09,private_room,304,273,254,130.40296052631578,88.75,0.36797368421052634,1448.7236842105262,42.0,48.29078947368421,4.666040816326531,0.24013157894736842,40.730889159440785,-73.93669335049341
2023-09-01,2023-09,shared_room,7,6,6,84.4,83.2,0.37142857142857144,1443.2857142857142,321.0,48.109523809523814,4.682,0.42857142857142855,40.70751428571429,-73.89014714285715
2023-10-01,2023-10,entire_home,413,375,345,252.91694915254237,187.0,0.22064164648910412,1481.7094430992736,0.0,47.79707880965399,4.7296901408450704,0.29782082324455206,40.72614413392252,-73.94397367355933
2023-10-01,2023-10,hotel_room,4,4,4,412.775,317.54999999999995,0.121,1210.5,0.0,39.04838709677419,4.7,0.25,40.748163500000004,-73.97429475
2023-10-01,2023-10,private_room,268,241,216,132.06716417910448,86.4,0.20930597014925373,1051.3619402985075,0.0,33.91490129995185,4.690228310502284,0.23880597014925373,40.73181222376866,-73.93600146958956
2023-10-01,2023-10,shared_room,6,5,5,71.28333333333333,59.25,0.11833333333333333,233.66666666666666,106.0,7.537634408602151,4.685,0.5,40.70746333333333,-73.87064666666667
2023-11-01,2023-11,entire_home,413,375,331,250.01549636803873,184.8,0.1376125907990315,892.8595641646489,0.0,29.761985472154965,4.7296901408450704,0.29782082324455206,40.72614413392252,-73.94397367355933
2023-11-01,2023-11,hotel_room,4,4,4,413.2,318.25,0.075,775.5,0.0,25.85,4.7,0.25,40.748163500000004,-73.97429475
2023-11-01,2023-11,private_room,268,241,210,128.99029850746268,86.55,0.13394402985074627,602.5597014925373,0.0,20.085323383084578,4.690228310502284,0.23880597014925373,40.73181222376866,-73.93600146958956
2023-11-01,2023-11,shared_room,6,5,5,67.05,59.15,0.0055000000000000005,11.833333333333334,0.0,0.39444444444444443,4.685,0.5,40.70746333333333,-73.87064666666667
2023-12-01,2023-12,entire_home,413,375,313,254.64721549636803,185.3,0.1322493946731235,905.2106537530267,0.0,29.200343669452472,4.7296901408450704,0.29782082324455206,40.72614413392252,-73.94397367355933
2023-12-01,2023-12,hotel_room,4,4,4,418.025,328.9,0.15325,1564.75,0.0,50.4758064516129,4.7,0.25,40.748163500000004,-73.97429475
2023-12-01,2023-12,private_room,268,241,203,131.14962686567165,85.85,0.10736940298507462,649.044776119403,0.0,20.936928261916226,4.690228310502284,0.23880597014925373,40.73181222376866,-73.93600146958956
2023-12-01,2023-12,shared_room,6,5,5,65.85,57.5,0.043000000000000003,44.0,0.0,1.4193548387096773,4.685,0.5,40.70746333333333,-73.87064666666667
2024-01-01,2024-01,entire_home,413,375,288,245.3680387409201,185.5,0.07436319612590798,452.81113801452784,0.0,14.606810903694447,4.7296901408450704,0.29782082324455206,40.72614413392252,-73.94397367355933
2024-01-01,2024-01,hotel_room,4,4,4,366.975,227.9,0.01625,182.5,0.0,5.887096774193548,4.7,0.25,40.748163500000004,-73.97429475
2024-01-01,2024-01,private_room,268,241,193,120.14813432835821,83.15,0.07028731343283583,236.38432835820896,0.0,7.625300914780935,4.690228310502284,0.23880597014925373,40.73181222376866,-73.93600146958956
2024-01-01,2024-01,shared_room,6,5,5,64.91666666666667,56.45,0.005333333333333333,5.5,0.0,0.17741935483870966,4.685,0.5,40.70746333333333,-73.87064666666667
2024-02-01,2024-02,entire_home,413,375,283,240.27578692493947,185.0,0.06786198547215497,379.81113801452784,0.0,13.096935793604407,4.7296901408450704,0.29782082324455206,40.72614413392252,-73.94397367355933
2024-02-01,2024-02,hotel_room,4,4,3,376.25,243.95,0.0,0.0,0.0,0.0,4.7,0.25,40.748163500000004,-73.97429475
2024-02-01,2024-02,private_room,268,241,188,116.74962686567164,82.25,0.0741007462686567,246.73880597014926,0.0,8.508234688625837,4.690228310502284,0.23880597014925373,40.73181222376866,-73.93600146958956
2024-02-01,2024-02,shared_room,6,5,5,55.51666666666667,52.7,0.017166666666666667,9.333333333333334,0.0,0.3218390804597701,4.685,0.5,40.70746333333333,-73.87064666666667
2024-03-01,2024-03,entire_home,413,375,277,244.62397094430992,183.5,0.07638740920096852,526.4891041162227,0.0,16.98351948762009,4.7296901408450704,0.29782082324455206,40.72614413392252,-73.94397367355933
2024-03-01,2024-03,hotel_room,4,4,1,378.075,247.7,0.0565,378.25,0.0,12.201612903225804,4.7,0.25,40.748163500000004,-73.97429475
2024-03-01,2024-03,private_room,268,241,184,121.8731343283582,85.25,0.09160820895522387,368.76119402985074,0.0,11.895522388059701,4.690228310502284,0.23880597014925373,40.73181222376866,-73.93600146958956
2024-03-01,2024-03,shared_room,6,5,5,55.333333333333336,51.550000000000004,0.043000000000000003,37.666666666666664,0.0,1.2150537634408602,4.685,0.5,40.70746333333333,-73.87064666666667
2024-04-01,2024-04,entire_home,413,375,268,247.16125907990318,185.0,0.09217191283292979,618.5544794188862,0.0,20.618482647296204,4.7296901408450704,0.29782082324455206,40.72614413392252,-73.94397367355933
2024-04-01,2024-04,hotel_room,4,4,1,396.975,285.3,0.00825,86.75,0.0,2.8916666666666666,4.7,0.25,40.748163500000004,-73.97429475
2024-04-01,2024-04,private_room,268,241,178,123.97238805970149,85.15,0.07710447761194031,332.3059701492537,0.0,11.07686567164179,4.690228310502284,0.23880597014925373,40.73181222376866,-73.93600146958956
2024-04-01,2024-04,shared_room,6,5,5,55.083333333333336,52.15,0.0,0.0,0.0,0.0,4.685,0.5,40.70746333333333,-73.87064666666667
2024-05-01,2024-05,entire_home,192,172,162,239.15729166666665,184.3,0.16785416666666667,1253.6145833333333,0.0,40.43918010752688,4.779485714285714,0.3489583333333333,40.72398798078125,-73.94917120526041
2024-05-01,2024-05,hotel_room,1,1,1,303.1,303.1,0.452,4564.0,4564.0,147.2258064516129,4.9,0.0,40.737774,-73.953659
2024-05-01,2024-05,private_room,138,126,111,146.89710144927537,89.7,0.17295652173913043,820.695652173913,0.0,26.47405329593268,4.755983606557377,0.3188405797101449,40.731840822028985,-73.93856512086957
2024-05-01,2024-05,shared_room,2,2,2,70.44999999999999,70.44999999999999,0.1935,275.5,275.5,8.887096774193548,4.66,0.5,40.711765,-73.826705
2024-06-01,2024-06,entire_home,276,249,166,253.59528985507248,190.35,0.13876811594202898,882.8985507246376,0.0,29.42995169082126,4.76763948497854,0.33695652173913043,40.724830079202896,-73.94924933054348
2024-06-01,2024-06,hotel_room,1,1,1,310.8,310.8,0.133,1388.0,1388.0,46.266666666666666,4.9,0.0,40.737774,-73.953659
2024-06-01,2024-06,private_room,192,174,113,156.06927083333332,91.7,0.12536979166666667,512.71875,0.0,17.090625,4.764938271604938,0.3385416666666667,40.72981267057292,-73.93843568546875
2024-06-01,2024-06,shared_room,5,5,2,89.97999999999999,56.9,0.0,0.0,0.0,0.0,4.773333333333333,0.2,40.701262629999995,-73.894607804
2024-07-01,2024-07,entire_home,276,249,203,253.78804347826087,192.55,0.22955434782608694,1693.6557971014493,0.0,54.63405797101449,4.76763948497854,0.33695652173913043,40.724830079202896,-73.94924933054348
2024-07-01,2024-07,hotel_room,1,1,1,273.5,273.5,0.032,333.0,333.0,10.741935483870968,4.9,0.0,40.737774,-73.953659
2024-07-01,2024-07,private_room,192,174,131,155.759375,92.05,0.18566145833333333,727.75,0.0,23.4758064516129,4.764938271604938,0.3385416666666667,40.72981267057292,-73.93843568546875
2024-07-01,2024-07,shared_room,5,5,3,92.03999999999999,57.0,0.057999999999999996,370.2,0.0,11.941935483870967,4.773333333333333,0.2,40.701262629999995,-73.894607804
2024-08-01,2024-08,entire_home,276,249,204,253.56014492753624,195.89999999999998,0.23993840579710143,1749.5144927536232,0.0,56.43595137914913,4.76763948497854,0.33695652173913043,40.724830079202896,-73.94924933054348
2024-08-01,2024-08,hotel_room,1,1,1,264.1,264.1,0.097,772.0,772.0,24.90322580645161,4.9,0.0,40.737774,-73.953659
2024-08-01,2024-08,private_room,192,174,130,155.36614583333332,92.8,0.19035416666666669,922.9166666666666,0.0,29.771505376344084,4.764938271604938,0.3385416666666667,40.72981267057292,-73.93843568546875
2024-08-01,2024-08,shared_room,5,5,3,91.1,55.8,0.071,436.2,0.0,14.070967741935485,4.773333333333333,0.2,40.701262629999995,-73.894607804
2024-09-01,2024-09,entire_home,276,249,205,254.15833333333333,192.1,0.2423876811594203,1655.9021739130435,0.0,55.19673913043478,4.76763948497854,0.33695652173913043,40.724830079202896,-73.94924933054348
2024-09-01,2024-09,hotel_room,1,1,1,373.8,373.8,0.3,3542.0,3542.0,118.06666666666666,4.9,0.0,40.737774,-73.953659
2024-09-01,2024-09,private_room,192,174,131,164.14895833333333,93.15,0.211125,1043.3177083333333,0.0,34.777256944444446,4.764938271604938,0.3385416666666667,40.72981267057292,-73.93843568546875
2024-09-01,2024-09,shared_room,5,5,3,91.02000000000001,55.4,0.1066,465.2,0.0,15.506666666666666,4.773333333333333,0.2,40.701262629999995,-73.894607804
2024-10-01,2024-10,entire_home,276,249,198,254.97500000000002,192.0,0.21517028985507247,1512.572463768116,0.0,48.792660121552125,4.76763948497854,0.33695652173913043,40.724830079202896,-73.94924933054348
2024-10-01,2024-10,hotel_room,1,1,1,410.7,410.7,0.194,2501.0,2501.0,80.6774193548387,4.9,0.0,40.737774,-73.953659
2024-10-01,2024-10,private_room,192,174,127,159.63333333333333,94.0,0.191375,972.3385416666666,0.0,31.36575940860215,4.764938271604938,0.3385416666666667,40.72981267057292,-73.93843568546875
2024-10-01,2024-10,shared_room,5,5,2,91.36,56.3,0.0646,400.0,0.0,12.903225806451612,4.773333333333333,0.2,40.701262629999995,-73.894607804
2024-11-01,2024-11,entire_home,276,249,201,252.1210144927536,189.64999999999998,0.19795652173913045,1315.9492753623188,0.0,43.864975845410626,4.76763948497854,0.33695652173913043,40.724830079202896,-73.94924933054348
2024-11-01,2024-11,hotel_room,1,1,1,377.4,377.4,0.133,1642.0,1642.0,54.73333333333333,4.9,0.0,40.737774,-73.953659
2024-11-01,2024-11,private_room,192,174,133,158.29322916666666,95.05,0.19686979166666665,969.8125,0.0,32.327083333333334,4.764938271604938,0.3385416666666667,40.72981267057292,-73.93843568546875
2024-11-01,2024-11,shared_room,5,5,3,89.36,56.6,0.0866,389.4,0.0,12.979999999999999,4.773333333333333,0.2,40.701262629999995,-73.894607804
2024-12-01,2024-12,entire_home,276,249,196,254.4746376811594,186.15,0.23085144927536233,1798.1123188405797,0.0,58.0036231884058,4.76763948497854,0.33695652173913043,40.724830079202896,-73.94924933054348
2024-12-01,2024-12,hotel_room,1,1,1,323.1,323.1,0.323,3317.0,3317.0,107.0,4.9,0.0,40.737774,-73.953659
2024-12-01,2024-12,private_room,192,174,134,162.98229166666667,94.2,0.23288020833333334,1315.4166666666667,0.0,42.43279569892473,4.764938271604938,0.3385416666666667,40.72981267057292,-73.93843568546875
2024-12-01,2024-12,shared_room,5,5,3,88.8,55.6,0.0388,237.0,0.0,7.645161290322579,4.773333333333333,0.2,40.701262629999995,-73.894607804
2025-01-01,2025-01,entire_home,276,249,196,242.54927536231887,185.1,0.18490217391304348,1317.7608695652175,0.0,42.508415147265076,4.76763948497854,0.33695652173913043,40.724830079202896,-73.94924933054348
2025-01-01,2025-01,hotel_room,1,1,1,242.5,242.5,0.0,0.0,0.0,0.0,4.9,0.0,40.737774,-73.953659
2025-01-01,2025-01,private_room,192,174,135,146.98697916666666,91.9,0.16735416666666666,634.6354166666666,0.0,20.472110215053764,4.764938271604938,0.3385416666666667,40.72981267057292,-73.93843568546875
2025-01-01,2025-01,shared_room,5,5,3,88.17999999999999,53.8,0.1548,415.0,0.0,13.387096774193548,4.773333333333333,0.2,40.701262629999995,-73.894607804
2025-02-01,2025-02,entire_home,276,249,192,231.9485507246377,175.95,0.16421376811594204,962.7608695652174,0.0,34.38431677018634,4.76763948497854,0.33695652173913043,40.724830079202896,-73.94924933054348
2025-02-01,2025-02,hotel_room,1,1,1,217.8,217.8,0.071,429.0,429.0,15.321428571428571,4.9,0.0,40.737774,-73.953659
2025-02-01,2025-02,private_room,192,174,136,142.53177083333333,88.3,0.15346354166666668,599.8958333333334,0.0,21.42485119047619,4.764938271604938,0.3385416666666667,40.72981267057292,-73.93843568546875
2025-02-01,2025-02,shared_room,5,5,3,85.03999999999999,53.9,0.157,430.4,0.0,15.37142857142857,4.773333333333333,0.2,40.701262629999995,-73.894607804
2025-03-01,2025-03,entire_home,276,249,192,242.62572463768115,185.45,0.15252898550724636,1127.322463768116,0.0,36.36524076671342,4.76763948497854,0.33695652173913043,40.724830079202896,-73.94924933054348
2025-03-01,2025-03,hotel_room,1,1,1,279.3,279.3,0.0,0.0,0.0,0.0,4.9,0.0,40.737774,-73.953659
2025-03-01,2025-03,private_room,192,174,138,147.4125,91.75,0.15171874999999999,645.9114583333334,0.0,20.835853494623656,4.764938271604938,0.3385416666666667,40.72981267057292,-73.93843568546875
2025-03-01,2025-03,shared_room,5,5,3,92.56,59.8,0.0646,401.8,0.0,12.961290322580647,4.773333333333333,0.2,40.701262629999995,-73.894607804
2025-04-01,2025-04,entire_home,276,249,192,246.77644927536232,186.14999999999998,0.17958695652173914,1251.855072463768,0.0,41.728502415458934,4.76763948497854,0.33695652173913043,40.724830079202896,-73.94924933054348
2025-04-01,2025-04,hotel_room,1,1,1,389.3,389.3,0.0,0.0,0.0,0.0,4.9,0.0,40.737774,-73.953659
2025-04-01,2025-04,private_room,192,174,135,152.04010416666668,90.3,0.16234375,755.625,0.0,25.1875,4.764938271604938,0.3385416666666667,40.72981267057292,-73.93843568546875
2025-04-01,2025-04,shared_room,5,5,3,89.47999999999999,54.7,0.0466,277.4,0.0,9.246666666666666,4.773333333333333,0.2,40.701262629999995,-73.894607804
2025-05-01,2025-05,entire_home,276,249,189,251.8235507246377,190.55,0.19004710144927536,1502.3260869565217,0.0,48.462131837307155,4.76763948497854,0.33695652173913043,40.724830079202896,-73.94924933054348
2025-05-01,2025-05,hotel_room,1,1,1,451.8,451.8,0.0,0.0,0.0,0.0,4.9,0.0,40.737774,-73.953659
2025-05-01,2025-05,private_room,192,174,131,158.31822916666667,93.44999999999999,0.16380729166666666,929.4635416666666,0.0,29.98269489247312,4.764938271604938,0.3385416666666667,40.72981267057292,-73.93843568546875
2025-05-01,2025-05,shared_room,5,5,3,90.26,56.2,0.013000000000000001,79.6,0.0,2.5677419354838706,4.773333333333333,0.2,40.701262629999995,-73.894607804
2025-06-01,2025-06,entire_home,276,249,195,253.54384057971018,193.25,0.23055434782608697,1680.8369565217392,0.0,56.027898550724636,4.76763948497854,0.33695652173913043,40.724830079202896,-73.94924933054348
2025-06-01,2025-06,hotel_room,1,1,1,315.7,315.7,0.0,0.0,0.0,0.0,4.9,0.0,40.737774,-73.953659
2025-06-01,2025-06,private_room,192,174,129,157.70781250000002,92.9,0.19215625,916.7864583333334,0.0,30.55954861111111,4.764938271604938,0.3385416666666667,40.72981267057292,-73.93843568546875
2025-06-01,2025-06,shared_room,5,5,4,90.26,52.2,0.07980000000000001,142.4,181.0,4.746666666666667,4.773333333333333,0.2,40.701262629999995,-73.894607804
2025-07-01,2025-07,entire_home,276,249,194,249.80471014492755,192.5,0.22989855072463766,1840.355072463768,0.0,59.36629266012155,4.76763948497854,0.33695652173913043,40.724830079202896,-73.94924933054348
2025-07-01,2025-07,hotel_room,1,1,1,433.6,433.6,0.0,0.0,0.0,0.0,4.9,0.0,40.737774,-73.953659
2025-07-01,2025-07,private_room,192,174,127,153.77552083333333,92.35,0.16849999999999998,720.2291666666666,0.0,23.233198924731184,4.764938271604938,0.3385416666666667,40.72981267057292,-73.93843568546875
2025-07-01,2025-07,shared_room,5,5,4,86.2,47.1,0.2774,409.8,177.0,13.219354838709677,4.773333333333333,0.2,40.701262629999995,-73.894607804
2025-08-01,2025-08,entire_home,276,249,188,247.34673913043477,189.95,0.19426449275362317,1454.3369565217392,0.0,46.914095371669006,4.76763948497854,0.33695652173913043,40.724830079202896,-73.94924933054348
2025-08-01,2025-08,hotel_room,1,1,1,396.6,396.6,0.0,0.0,0.0,0.0,4.9,0.0,40.737774,-73.953659
2025-08-01,2025-08,private_room,192,174,125,151.86041666666668,92.0,0.17070833333333332,696.796875,0.0,22.4773185483871,4.764938271604938,0.3385416666666667,40.72981267057292,-73.93843568546875
2025-08-01,2025-08,shared_room,5,5,4,85.82000000000001,48.5,0.129,210.6,0.0,6.7935483870967746,4.773333333333333,0.2,40.701262629999995,-73.894607804
2025-09-01,2025-09,entire_home,276,249,182,248.21992753623186,189.6,0.18019927536231883,1409.373188405797,0.0,46.979106280193236,4.76763948497854,0.33695652173913043,40.724830079202896,-73.94924933054348
2025-09-01,2025-09,hotel_room,1,1,1,382.2,382.2,0.0,0.0,0.0,0.0,4.9,0.0,40.737774,-73.953659
2025-09-01,2025-09,private_room,192,174,123,160.72187499999998,91.4,0.18732291666666667,994.734375,0.0,33.1578125,4.764938271604938,0.3385416666666667,40.72981267057292,-73.93843568546875
2025-09-01,2025-09,shared_room,5,5,4,86.5,49.3,0.0066,34.4,0.0,1.1466666666666667,4.773333333333333,0.2,40.701262629999995,-73.894607804
2025-10-01,2025-10,entire_home,212,189,163,243.23679245283017,189.2,0.21712735849056602,1747.617924528302,0.0,56.37477175897748,4.766611111111112,0.33962264150943394,40.723094180990564,-73.94924698051886
2025-10-01,2025-10,private_room,137,131,103,176.04014598540147,88.5,0.22204379562043797,1114.5985401459855,0.0,35.954791617612436,4.775470085470086,0.35036496350364965,40.73193468547445,-73.93769539313868
2025-10-01,2025-10,shared_room,3,3,3,82.13333333333334,42.7,0.0,0.0,0.0,0.0,4.8,0.0,40.71044,-73.92430413666666
2025-11-01,2025-11,entire_home,217,194,164,241.21843317972352,192.4,0.2016958525345622,1458.3041474654378,0.0,48.610138248847925,4.75875,0.3317972350230415,40.72339518695853,-73.94934472511521
2025-11-01,2025-11,private_room,140,133,103,170.69142857142856,85.94999999999999,0.17832857142857145,958.6071428571429,0.0,31.95357142857143,4.776134453781513,0.35,40.73243939014286,-73.93749521364286
2025-11-01,2025-11,shared_room,3,3,3,76.8,39.2,0.03333333333333333,40.0,0.0,1.3333333333333333,4.8,0.0,40.71044,-73.92430413666666
2025-12-01,2025-12,entire_home,217,194,160,240.63410138248847,191.4,0.17377880184331798,1560.7880184331798,0.0,50.348000594618696,4.75875,0.3317972350230415,40.72339518695853,-73.94934472511521
2025-12-01,2025-12,private_room,140,133,101,173.2057142857143,84.65,0.18085714285714286,1230.25,0.0,39.685483870967744,4.776134453781513,0.35,40.73243939014286,-73.93749521364286
2025-12-01,2025-12,shared_room,3,3,3,78.8,39.5,0.36566666666666664,433.6666666666667,195.0,13.989247311827958,4.8,0.0,40.71044,-73.92430413666666
2026-01-01,2026-01,entire_home,217,194,156,227.73640552995394,183.2,0.08623041474654378,690.0092165898618,0.0,22.258361825479412,4.75875,0.3317972350230415,40.72339518695853,-73.94934472511521
2026-01-01,2026-01,private_room,140,133,100,157.0707142857143,84.35,0.0781,267.12142857142857,0.0,8.616820276497695,4.776134453781513,0.35,40.73243939014286,-73.93749521364286
2026-01-01,2026-01,shared_room,3,3,3,80.0,42.1,0.0,0.0,0.0,0.0,4.8,0.0,40.71044,-73.92430413666666
2026-02-01,2026-02,entire_home,217,194,153,228.79493087557603,182.1,0.08541935483870969,567.3778801843318,0.0,20.263495720868992,4.75875,0.3317972350230415,40.72339518695853,-73.94934472511521
2026-02-01,2026-02,private_room,140,133,98,158.67214285714286,83.4,0.07527142857142857,284.1714285714286,0.0,10.148979591836735,4.776134453781513,0.35,40.73243939014286,-73.93749521364286
2026-02-01,2026-02,shared_room,3,3,3,77.5,42.1,0.04766666666666666,26.666666666666668,0.0,0.9523809523809524,4.8,0.0,40.71044,-73.92430413666666
